{
	"name": "AMRM",
	"description": "INPUTS & FEEDS for AMRM Logger from archimetrics.co.uk",
	"inputs": [{
		"name": "n1T",
		"description": "N1 Temperature",
		"processList": [{
			"process": "1",
			"arguments": {
				"type": "ProcessArg::FEEDID",
				"value": "n1T"
			}
		}]
	},
	{
		"name": "n2T",
		"description": "N2 Temperature",
		"processList": [{
			"process": "1",
			"arguments": {
				"type": "ProcessArg::FEEDID",
				"value": "n2T"
			}
		}]
	},
	{
		"name": "n3T",
		"description": "N3 Temperature",
		"processList": [{
			"process": "1",
			"arguments": {
				"type": "ProcessArg::FEEDID",
				"value": "n3T"
			}
		}]
	},
	{
		"name": "n4T",
		"description": "N4 Temperature",
		"processList": [{
			"process": "1",
			"arguments": {
				"type": "ProcessArg::FEEDID",
				"value": "n4T"
			}
		}]
	},
	{
		"name": "n1IM",
		"description": "N1 IM",
		"processList": [{
			"process": "1",
			"arguments": {
				"type": "ProcessArg::FEEDID",
				"value": "n1IM"
			}
		}]
	},
	{
		"name": "n2IM",
		"description": "N2 IM",
		"processList": [{
			"process": "1",
			"arguments": {
				"type": "ProcessArg::FEEDID",
				"value": "n2IM"
			}
		}]
	},
	{
		"name": "n3IM",
		"description": "N3 IM",
		"processList": [{
			"process": "1",
			"arguments": {
				"type": "ProcessArg::FEEDID",
				"value": "n3IM"
			}
		}]
	},
	{
		"name": "n4IM",
		"description": "N4 IM",
		"processList": [{
			"process": "1",
			"arguments": {
				"type": "ProcessArg::FEEDID",
				"value": "n4IM"
			}
		}]
	},
	{
		"name": "n1DM",
		"description": "N1 DM",
		"processList": [{
			"process": "1",
			"arguments": {
				"type": "ProcessArg::FEEDID",
				"value": "n1DM"
			}
		}]
	},
	{
		"name": "n2DM",
		"description": "N2 DM",
		"processList": [{
			"process": "1",
			"arguments": {
				"type": "ProcessArg::FEEDID",
				"value": "n2DM"
			}
		}]
	},
	{
		"name": "n3DM",
		"description": "N3 DM",
		"processList": [{
			"process": "1",
			"arguments": {
				"type": "ProcessArg::FEEDID",
				"value": "n3DM"
			}
		}]
	},
	{
		"name": "n4DM",
		"description": "N4 DM",
		"processList": [{
			"process": "1",
			"arguments": {
				"type": "ProcessArg::FEEDID",
				"value": "n4DM"
			}
		}]
	},
	{
		"name": "iTA",
		"description": "Internal Temperature Air",
		"processList": [{
			"process": "1",
			"arguments": {
				"type": "ProcessArg::FEEDID",
				"value": "iTA"
			}
		}]
	},
	{
		"name": "iRH",
		"description": "Internal RH",
		"processList": [{
			"process": "1",
			"arguments": {
				"type": "ProcessArg::FEEDID",
				"value": "iRH"
			}
		}]
	},
	{
		"name": "iDP",
		"description": "Internal Dew Point",
		"processList": [{
			"process": "1",
			"arguments": {
				"type": "ProcessArg::FEEDID",
				"value": "iDP"
			}
		}]
	},
	{
		"name": "SYS",
		"description": "System Temperature",
		"processList": [{
			"process": "1",
			"arguments": {
				"type": "ProcessArg::FEEDID",
				"value": "SYS"
			}
		}]
	}],
	"feeds": [{
		"name": "n1T",
		"type": "DataType::REALTIME",
		"engine": "Engine::MYSQL",
		"interval": "10"
	},
	{
		"name": "n2T",
		"type": "DataType::REALTIME",
		"engine": "Engine::MYSQL",
		"interval": "10"
		
	},
	{
		"name": "n3T",
		"type": "DataType::REALTIME",
		"engine": "Engine::MYSQL",
		"interval": "10"
	},
	{
		"name": "n4T",
		"type": "DataType::REALTIME",
		"engine": "Engine::MYSQL",
		"interval": "10"
	},
	{
		"name": "n1IM",
		"type": "DataType::REALTIME",
		"engine": "Engine::MYSQL",
		"interval": "10"
	},
	{
		"name": "n2IM",
		"type": "DataType::REALTIME",
		"engine": "Engine::MYSQL",
		"interval": "10"
	},
	{
		"name": "n3IM",
		"type": "DataType::REALTIME",
		"engine": "Engine::MYSQL",
		"interval": "10"
	},
	{
		"name": "n4IM",
		"type": "DataType::REALTIME",
		"engine": "Engine::MYSQL",
		"interval": "10"
	},
	{
		"name": "n1DM",
		"type": "DataType::REALTIME",
		"engine": "Engine::MYSQL",
		"interval": "10"
	},
	{
		"name": "n2DM",
		"type": "DataType::REALTIME",
		"engine": "Engine::MYSQL",
		"interval": "10"
	},
	{
		"name": "n3DM",
		"type": "DataType::REALTIME",
		"engine": "Engine::MYSQL",
		"interval": "10"
	},
	{
		"name": "n4DM",
		"type": "DataType::REALTIME",
		"engine": "Engine::MYSQL",
		"interval": "10"
	},
	{
		"name": "iTA",
		"type": "DataType::REALTIME",
		"engine": "Engine::MYSQL",
		"interval": "10"
	},
	{
		"name": "iRH",
		"type": "DataType::REALTIME",
		"engine": "Engine::MYSQL",
		"interval": "10"
	},
	{
		"name": "iDP",
		"type": "DataType::REALTIME",
		"engine": "Engine::MYSQL",
		"interval": "10"
	},
	{
		"name": "SYS",
		"type": "DataType::REALTIME",
		"engine": "Engine::MYSQL",
		"interval": "10"
	}]
}
