{	"name": "Demonstration",
	"description": "Automatic inputs and feeds creation for demonstration devices.",
	"inputs": [
		{
			"name": "iload",
			"description": "Consumption intensity",
			"processList": [
							  {
								"process": "1",
								"arguments": {"type": "ProcessArg::FEEDID", "value": "fILoad" }
							  },
							  {
								"process": "29",
								"arguments": {"type": "ProcessArg::FEEDID", "value": "fPLoad" }
							  }
							]
		},
		{
			"name": "pload",
			"description": "Consumption power",
			"processList": ""
		}
	],

	"feeds": [
	  {
			"name": "fILoad",
			"type": "DataType::REALTIME",
			"engine": "Engine::MYSQL",
			"interval": "5"
	  },
	  {
			"name": "fPLoad",
			"type": "DataType::REALTIME",
			"engine": "Engine::MYSQL"
      },
	  {
			"name": "fVirtual",
			"type": "DataType::REALTIME",
			"engine": "Engine::VIRTUALFEED",
			"processList": [
							  {
								"process": "53",
								"arguments": {"type": "ProcessArg::FEEDID", "value": "fILoad" }
							  },
							  {
								"process": "2",
								"arguments": {"type": "ProcessArg::VALUE", "value": "2" }
							  }
							]
      }
	]
}